{"color": {"fx": 1081.3720703125, "fy": 1081.3720703125, "cx": 959.5, "cy": 539.5}, "ir": {"fx": 366.8131103515625, "fy": 366.8131103515625, "cx": 257.84381103515625, "cy": 207.35499572753906, "k1": 0.08724769949913025, "k2": -0.2744111120700836, "k3": 0.10095659643411636, "p1": 0.0, "p2": 0.0}}